Image #,RobotX,RobotY,RobotZ,AmbX,AmbY,AmbZ,Distance,omega
1,0,0,0,2.107099,0.036731,0,2.107419124,0.019234821
2,0,0,0,0.926989,0.926989,0,1.310960416,0.069056922
3,0,0,0,2.202596,0.329905,0,2.227165564,0.093573173
4,1.182299,1.24361,0.039995,3.237919,0.474908,0,2.195011606,0.085961527
5,0.739539,-1.226917,0.039995,3.323899,1.658439,0,3.873731464,0.030187344
6,2.31604,0.430785,0.039995,3.323899,1.658439,0,1.588871835,-0.00283906
7,2.367108,0.494471,0.039995,3.323899,1.658439,0,1.507272412,0.03047935
8,2.366302,0.49619,0.04,1.742685,4.708162,0,4.258075421,-0.006985441
9,2.364466,0.497496,0.039995,1.907253,8.705338,0,8.220663819,-0.011012731
10,2.720197,1.631807,0.039995,2.412155,4.82558,0,3.20884332,-0.010391709
11,2.50673,3.18053,0.04,2.412155,4.82558,0,1.648251781,-0.051714409
12,6.286608,4.214994,0.04,3.803185,4.989982,0,2.601844768,-0.094834587
13,5.218558,4.289713,0.04,3.763336,4.472303,0,1.467177623,-0.061727056
14,7.12584,4.147694,0.04,3.763336,4.472303,0,3.378373004,-0.008804625
15,9.247847,3.983964,0.04,2.141964,5.491805,0,7.264210741,-0.017058169
16,9.245479,3.981995,0.039995,5.262354,3.529737,0,4.008917767,0.045398963
17,6.615894,5.084066,0.039995,5.262354,3.529737,0,2.061457924,-0.015304299
18,6.616094,5.079429,0.04,5.369159,3.699596,0,1.860211279,-0.019862756
19,6.616123,5.078114,0.039995,5.369159,3.699596,0,1.859255414,-0.010186533
20,6.220012,5.206561,0.04,5.29921,3.658482,0,1.80167281,0.102889955
21,9.460294,9.222018,0.04,5.29921,3.658482,0,6.947600512,0.005317086
22,5.904212,4.813798,0.04,5.29921,3.658482,0,1.3047538,0.156042352
23,5.453234,5.686716,0.04,4.811437,4.477692,0,1.369394911,0.079023752
24,5.453142,5.684896,0.039995,4.08532,2.988143,0,3.024072315,0.067840866
25,4.437978,4.375995,0.04,4.08532,2.988143,0,1.432515563,0.018256089
26,4.662925,4.918881,0.04,4.08532,2.988143,0,2.015682703,-0.012971825
27,4.663325,4.917296,0.039995,1.853405,2.207411,0,3.903937336,0.004850482
28,9.212779,9.109496,0.039995,-7.636953,-8.470717,0,24.35115926,0.002401265
29,-7.525824,9.040466,0.04,-7.63371,-9.245176,0,18.28600401,-0.00202015
30,-7.523345,9.040466,0.04,-6.406949,-6.897566,0,15.97713379,0.002312085
31,-3.680992,-1.074629,0.04,-4.165956,-2.316608,0,1.333904763,-0.267057213
32,-3.685762,-1.022274,0.039999,-4.165956,-2.316608,0,1.381117917,-0.249275613
33,-3.689045,-1.261193,0.040001,-4.165956,-2.316608,0,1.15885504,-0.378428797
34,-3.689356,-1.260483,0.039995,-3.800776,-2.232408,0,0.97910787,-0.015669924
35,-4.412724,-0.553713,0.04,-3.690865,-2.114083,0,1.71971944,0.022532088
36,-4.000588,-1.644344,0.04,-4.563086,-2.562624,0,1.077609465,-0.427283071
37,-4.727283,-1.651865,0.04,-2.570165,-3.570372,0,2.887113987,0.121516824
38,-4.726405,-1.652331,0.04,-4.903796,-4.794527,0,3.147453458,-0.146839515
39,-4.725429,-1.653017,0.039995,-3.196183,-4.043,0,2.83764192,0.025644911
40,-4.781308,-2.478755,0.040001,-3.196183,-4.043,0,2.227349044,0.143435636
41,-5.597334,3.689886,0.04,-3.62972,1.861221,0,2.686469902,0.128612178
42,-2.752534,0.060573,0.04,0.083737,-4.197362,0,5.116252891,0.022855595
43,-0.569884,-3.241254,0.04,0.083737,-4.197362,0,1.15886277,0.076637661
44,-0.758055,-2.855503,0.04,0.083737,-4.197362,0,1.584550203,0.030125044
45,-0.757382,-2.855899,0.04,0.083737,-4.197362,0,1.583857365,0.043702882
46,-0.755286,-2.857438,0.04,0.083737,-4.197362,0,1.58144109,0.047152902
47,-0.286352,-2.631214,0.04,0.374916,-4.085507,0,1.598074935,-0.036601429
48,-0.28524,-2.632083,0.039995,0.152307,-4.016476,0,1.452443099,-0.084145079
49,-0.284175,-2.632951,0.04,0.313005,-4.239273,0,1.714203699,-0.038294247
50,-0.284999,-2.633095,0.04,0.313005,-4.239273,0,1.714356017,-0.068225778
51,0.506055,-2.81276,0.039999,1.191543,-4.5693,0,1.885981572,-0.043309225
52,-5.022973,2.822926,0.039995,-5.205415,-2.231106,0,5.057481996,-0.08834188
53,-5.019977,2.821499,0.04,-4.584801,-3.939955,0,6.775561847,-0.050394421
54,-5.018265,2.820641,0.04,-2.505981,-2.890537,0,6.239449098,-0.000144552
55,-5.016373,2.81939,0.04,-0.367813,-1.811159,0,6.561455183,0.054666118
56,-5.014445,2.818595,0.039995,-1.549201,-2.248855,0,6.139101325,0.030188828
57,-2.323994,-0.942993,0.04,-1.423999,-2.073365,0,1.445452129,0.080927087
58,-2.322262,-0.943727,0.039995,-1.423999,-2.073365,0,1.443799857,0.07980765
59,-2.10673,-0.871135,0.04,-1.247171,-2.371676,0,1.729758644,-0.027594715
60,0.503969,-1.034347,0.04,-0.726913,-6.51858,0,5.620807958,-0.016736371
61,0.504739,-1.035743,0.039995,-0.726913,-6.51858,0,5.619614561,-0.013265602
62,0.330492,-4.134418,0.04,-1.426076,-6.219548,0,2.726700984,-0.170597676
63,0.331185,-4.135818,0.039995,-1.426076,-6.219548,0,2.726077133,-0.166569171
64,-1.857621,-3.414541,0.04,-4.011932,-6.041075,0,3.397254294,-0.128066525
65,-1.856771,-3.416695,0.039995,-4.011932,-6.041075,0,3.396128519,-0.129378527
66,-4.739629,-0.764493,0.04,-4.959575,-2.669737,0,1.91831461,0.054566271
67,-4.693521,-0.889076,0.04,-4.959575,-2.669737,0,1.800871547,-0.044369823
68,-4.666698,1.543937,0.04,-4.487501,-2.225729,0,3.774134777,0.04555582
69,-5.22931,-0.031168,0.04,-5.278078,-1.692358,0,1.662386999,0.069307215
70,-5.131115,0.24271,0.039999,-5.278078,-1.692358,0,1.941052861,0.024589525
71,-5.127045,0.249951,0.04,-5.278078,-1.692358,0,1.948582874,0.066282501
72,-4.948681,0.337192,0.039995,-2.671733,3.271025,0,3.713955825,-0.014780766
73,-4.651019,0.768945,0.039995,-3.605702,2.036773,0,1.6436773,-0.073287433
74,-4.650647,0.770496,0.04,-3.605702,2.036773,0,1.642244651,-0.060525015
75,-4.650373,0.771616,0.039995,-3.605702,2.036773,0,1.64120667,-0.037819803
76,-4.650013,0.77295,0.039995,-3.605702,2.036773,0,1.63994928,-0.035666284
77,-4.649704,0.774,0.039995,-3.605702,2.036773,0,1.638943387,-0.042233104
78,-4.649427,0.774878,0.04,-3.605702,2.036773,0,1.638090616,-0.037891791
79,-4.64903,0.776048,0.039995,-3.605702,2.036773,0,1.636936297,-0.050987421
80,-1.929576,-1.923902,0.04,-0.373569,-1.93544,0,1.556563815,-0.027205223
81,-1.927024,-1.921137,0.04,-0.373569,-1.93544,0,1.554035718,-0.022620767
82,-1.925507,-1.919524,0.039995,-0.373569,-1.93544,0,1.552534855,-0.00639184
83,-1.924205,-1.918157,0.039995,-0.373569,-1.93544,0,1.551247984,0.0168578
84,-1.922846,-1.916752,0.04,-0.373569,-1.93544,0,1.549905953,0.015709866
85,-1.921759,-1.915643,0.04,-0.373569,-1.93544,0,1.548833173,-0.034295271
86,-1.920512,-1.914387,0.04,-0.373569,-1.93544,0,1.547603268,0.005246491
87,-1.919546,-1.913426,0.039995,-0.373569,-1.93544,0,1.54665093,0.011080857
88,-1.915592,-1.909617,0.04,-0.373569,-1.93544,0,1.542757842,-0.01811832
89,-1.914611,-1.908702,0.039995,-0.373569,-1.93544,0,1.541792777,-0.004096073
90,-6.462165,-1.85225,0.04,-0.373569,-1.93544,0,6.089295676,0.00399738
91,-6.460898,-1.851082,0.04,-2.81597,-2.801042,0,3.766898476,-0.056191948
92,-6.458603,-1.849017,0.04,-2.530656,-0.945811,0,4.030651153,0.064669196
93,-6.859522,-1.592465,0.04,-5.621531,-0.704808,0,1.523862417,0.308553935
94,-6.858353,-1.591485,0.039995,-5.621531,-0.704808,0,1.522341736,0.306931528
95,-3.857926,-1.590899,0.04,-5.621531,-0.704808,0,1.974097226,0.05569475
96,-3.859456,-1.591054,0.039995,-5.621531,-0.704808,0,1.97280001,0.083738863
97,-3.860744,-1.591172,0.04,-5.621531,-0.704808,0,1.971702817,0.090623225
98,-4.39225,-2.400005,0.039995,-9.704595,0.162115,0,5.898056281,0.02857781
99,-4.393605,-2.400092,0.04,-7.744458,2.171368,0,5.668162168,-0.054356802
100,-6.294757,0.395333,0.04,-7.744458,2.171368,0,2.292931161,0.047947802
101,4.001019,3.895368,0.04,3.122737,5.099695,0,1.491101202,0.02357619
102,4.001064,3.894166,0.040001,3.122737,5.099695,0,1.492098713,0.040402618
103,3.99975,3.894603,0.04,3.122737,5.099695,0,1.490972344,0.035627124
104,3.998416,3.895156,0.039995,3.122737,5.099695,0,1.489740754,0.087876029
105,3.996245,3.896104,0.039995,2.5358,6.05406,0,2.606007156,0.003807138
106,3.995139,3.896611,0.039995,2.5358,6.05406,0,2.604967582,0.001731309
107,3.993533,3.897378,0.04,2.5358,6.05406,0,2.603432878,0.00173233
108,4.205138,4.592158,0.039995,1.755863,6.908514,0,3.3713577,0.068036729
109,4.205432,4.592297,0.04,3.937677,6.242827,0,1.67258543,0.274575159
110,4.204927,4.593223,0.04,3.48206,7.34611,0,2.846493199,-0.050228919
111,7.362378,-3.3112,0.04,1.95754,7.616165,0,12.19102865,0.004061505
112,2.845182,6.593579,0.04,1.95754,7.616165,0,1.354692012,0.159898496
113,2.844157,6.594214,0.039995,1.95754,7.616165,0,1.353540968,0.081247854
114,2.99849,6.337802,0.04,1.95754,7.616165,0,1.649056961,0.086718796
115,3.684115,7.004334,0.04,1.135709,7.031322,0,2.548862784,-0.059462866
116,0.965205,4.062694,0.04,1.135709,7.031322,0,2.973789471,0.03519482
117,0.964443,4.064416,0.039995,0.012684,7.932018,0,3.983188424,0.097350459
118,0.963947,4.065591,0.039995,2.760798,6.502837,0,3.02827363,-0.137425503
119,0.963506,4.066676,0.04,2.760798,6.502837,0,3.027662291,-0.137829755
120,0.962933,4.067491,0.04,1.93959,5.224654,0,1.51475579,-0.032698957
121,0.961973,4.067371,0.04,1.825237,6.857253,0,2.920661964,0.1164552
122,1.847127,3.381987,0.04,1.825237,6.857253,0,3.475565126,-0.078066578
123,1.846201,3.38292,0.04,2.719881,6.250849,0,2.998321779,-0.15579881
124,1.844767,3.384433,0.040001,-0.040785,5.513136,0,2.843990662,0.139334729
125,5.929914,-5.455635,0.04,7.033754,-6.57775,0,1.574549084,-0.031456401
126,5.931165,-5.455635,0.039995,7.033754,-6.57775,0,1.573672195,-0.008598449
127,5.932576,-5.455639,0.039995,7.033754,-6.57775,0,1.57268105,0.009750674
128,5.93396,-5.45565,0.04,7.033754,-6.57775,0,1.571704569,0.029229022
129,5.935387,-6.455366,0.04,8.132483,-6.986004,0,2.260621047,0.071572766
130,5.936713,-6.454802,0.04,8.132483,-6.986004,0,2.259464861,0.073111102
131,6.35945,-7.624069,0.039995,8.368032,-7.386611,0,2.02296504,-0.107051329
132,-0.762256,-4.323795,0.04,1.481506,-3.515243,0,2.385335249,0.018502691
133,-0.761394,-4.322062,0.04,0.99246,-3.098486,0,2.138864671,0.131084165
134,-1.852988,-3.150041,0.040001,8.073027,-3.819799,0,9.948665722,0.001722103
135,0,0,0,9.020411,-5.568088,0,10.6005386,-0.014134349
136,-6.088471,-6.45195,0.04,-6.296244,-2.430925,0,4.026588093,0.029041262
137,-6.0901,-6.453077,0.04,-7.181628,-2.699508,0,3.909259983,0.079545889
138,-6.090375,-6.453871,0.04,-4.086863,-1.863399,0,5.008801605,-0.070566214
139,-6.089272,-6.458771,0.04,-4.557595,-1.835397,0,4.870648989,-0.06701662
140,-6.08788,-6.459769,0.04,-8.137223,-1.698177,0,5.184029813,0.068940195
141,-6.086515,-6.460752,0.039992,-8.137223,-1.698177,0,5.185472331,0.068161854
142,-6.085832,-6.461639,-6.461639,-8.137223,-1.698177,0,8.285623322,0.069659585
143,-6.083119,-6.463694,0.040001,-4.164433,-1.265777,0,5.540875128,-0.065904077
144,-6.080602,-6.465124,0.04,-6.885544,-3.716491,0,2.864352456,0.074467584
145,-6.080758,-6.467144,0.04,-6.190407,-4.565503,0,1.905219514,-0.010886816
146,-6.079809,-6.46815,0.04,-6.190407,-4.565503,0,1.906278449,0.005205139
147,-6.079708,-6.468929,0.04,-6.190407,-6.190407,0,0.302371912,-0.051147814
148,-6.078828,-6.469517,0.04,-6.190407,-4.565503,0,1.907699973,0.008982678
149,-6.07778,-6.470176,0.04,-6.190407,-4.565503,0,1.908419262,-0.000472698
150,-6.07741,-6.470195,0.04,-6.190407,-4.565503,0,1.908460096,-0.006144313
151,-6.076672,-6.470761,0.04,-6.407946,-5.188473,0,1.324992445,0.210533241
152,-6.075887,-6.471578,0.04,-6.407946,-5.188473,0,1.325979495,0.130987689
153,-6.07691,-6.470765,0.04,-6.145688,-4.614792,0,1.857677634,-0.031483967
154,-6.077098,-6.470795,0.04,-6.145688,-4.614792,0,1.857700655,-0.043011862
155,-6.07699,-6.470363,0.04,-6.145688,-4.614792,0,1.857273042,-0.020862508
156,-1.778932,0.197395,0.04,0.756624,1.90647,0,3.058035576,0.15146037
157,-1.776439,0.199846,0.04,0.756624,1.90647,0,3.054598769,0.153249624
158,-1.661559,2.396974,0.039995,2.397788,-0.68088,0,5.094416837,-0.091690139
159,-1.660382,2.398099,0.039995,2.397788,-0.68088,0,5.094158913,-0.091501275
160,-6.121096,0.575819,0.04,8.06461,7.02722,0,15.58385156,0.029846301
161,-6.118035,0.578616,0.039995,4.214979,-6.596108,0,12.57972346,-0.037130844
162,-6.060986,-1.980633,0.039995,-1.84146,2.26687,0,5.987259891,0.078507068
163,-6.060789,-1.97929,0.04,-1.84146,2.26687,0,5.986168387,-0.078030518
164,-1.405033,-6.095124,0.04,-7.125023,7.541423,0,14.78767391,0.028140143
165,-8.466391,-1.85776,0.04,2.256249,4.003471,0,12.22009155,-0.036901754
166,-0.993417,7.333074,0.04,2.713995,9.14194,0,4.125348463,0.111052316
167,-0.992395,7.333932,0.039995,2.209392,5.037348,0,3.940474294,-0.118792828
168,0.761167,0.761167,0.04,2.209392,5.037348,0,4.5149396,0.10410996
169,-2.074533,1.096513,0.039995,4.486626,7.509254,0,9.17462011,0.050480126
170,-2.073484,1.097959,0.039995,4.486626,7.509254,0,9.172859226,0.051135624
171,-2.072662,1.099062,0.039995,3.725039,-0.48635,0,6.010696107,-0.077712086
172,-2.071488,1.100594,0.04,3.725039,-0.48635,0,6.009968096,-0.077721501
173,-2.070758,1.101522,0.04,-0.835901,2.85836,0,2.147778287,0.217515198
174,-2.069302,1.103316,0.039995,1.536615,-0.034578,0,3.781407115,-0.123269917
175,-0.759028,2.568585,0.039995,-0.759028,2.568585,0,0.039995,0.28127259
176,-5.854034,-5.721472,0.04,3.33836,-7.583037,0,9.37907947,-0.04473134
177,-4.776443,-5.445505,0.04,-0.432874,-6.618286,0,4.499289603,-0.104037418
178,-7.78921,-6.216121,0.039999,5.591308,0.334365,0,14.89794377,0.013439493
179,-7.274146,-1.611395,0.039995,0.327952,-0.44325,0,7.691427458,0.045609738
180,-7.395117,-7.850474,0.039995,4.642932,0.133012,0,14.44480087,0.022113903
181,-9.380564,-0.075028,0.039995,4.559536,-3.730343,0,14.41143002,-0.031787944
182,-9.192395,-0.801108,0.04,2.267758,8.802369,0,14.95203923,0.027754343
183,-5.086938,-2.540883,0.04,-4.613915,-3.4578,0,1.032515154,0.456515106
184,-5.091272,-2.540597,0.04,-4.173326,-3.907538,0,1.647043581,0.28127259
185,-5.091841,-2.539998,0.039999,-3.857965,-3.748492,0,1.727572763,0.272712808
186,-5.096025,-2.540508,0.04,-6.288237,-3.870147,0,1.786311653,-0.261550409
187,-5.095846,-2.539613,0.039999,-5.658935,-3.877094,0,1.451731575,-0.240819975
188,-5.095438,-2.538758,0.04,-4.465967,-3.890261,0,1.491440277,0.301765648
189,4.057192,-0.011715,0.039995,5.222496,-1.57381,0,1.949275199,0.241681675
190,3.670941,2.375824,0.04,2.260274,-0.596799,0,3.290603119,-0.12577224
191,3.671374,2.37442,0.04,5.1563,-1.167555,0,3.840858254,0.094405245
192,6.417205,2.364548,0.04,5.525574,2.137436,0,0.920969978,-0.508722429
193,5.617701,3.053835,0.04,7.001816,0.924154,0,2.540258943,0.179962107
194,5.6185,3.052745,0.039995,4.444284,0.826491,0,2.517258367,-0.183211187
195,5.619061,3.051914,0.04,6.576435,1.720275,0,1.64055704,0.26591996
196,5.502494,4.275035,0.04,5.090083,-3.51687,0,7.802913966,-0.015209795
197,-2.26802,3.65889,0.039991,2.393513,-3.149839,0,8.251683452,0.056005377
198,-2.267687,3.658334,0.039995,-4.2934,-0.326017,0,4.469917857,-0.104721099
199,-2.267084,3.657461,0.039995,-4.2934,-0.326017,0,4.469413061,-0.104732928
200,-2.123923,7.27033,0.04,0.636958,-1.686611,0,9.372878745,-0.049729856
